,age,income,utilities,shopping,healthcare,entertainment,school_fees
count,1004.0,1004.0,1004.0,1004.0,1004.0,1004.0,1004.0
mean,48.99203187250996,81265.26510956175,5365.575000000001,5560.674262948207,5136.3429183266935,5416.822181274901,4935.59360557769
std,17.914384186252736,36651.89569508257,2638.303023101135,2605.5064862354325,2852.799429118076,2642.3362078950254,2820.0193980027534
min,18.0,20000.0,500.0,600.0,251.22,0.0,16.61
25%,34.0,49815.5125,3094.25,3263.6524999999997,2695.8424999999997,3137.6475,2497.895
50%,49.0,81005.91500000001,5196.665,5667.120000000001,5211.005,5461.96,4824.915
75%,63.25,111332.2525,7612.125,7820.4025,7566.3825,7692.285,7384.41
max,80.0,149946.94,9996.94,9999.59,9992.99,9999.05,10000.0
